League,Date,Home,Away,Prediction,Odds,Confidence
Argentina Liga,2026-02-07 03:00 (MSK),Central Córdoba,Union Santa Fe,Under 3.5 Opponent Goals,1.6,HIGH
Argentina Liga,2026-02-07 23:00 (MSK),Aldosivi Mar del Plata,Rosario Central,Under 3.5 Opponent Goals,1.6,HIGH
Argentina Liga,2026-02-08 00:00 (MSK),Racing Club,Argentinos Juniors,Under 3.5 Opponent Goals,1.6,HIGH
Argentina Liga,2026-02-08 02:00 (MSK),River Plate,CA Tigre BA,Under 3.5 Opponent Goals,1.6,HIGH
Argentina Liga,2026-02-08 04:15 (MSK),Belgrano de Cordoba,Banfield,Under 3.5 Opponent Goals,1.6,HIGH
Argentina Liga,2026-02-08 04:15 (MSK),Newells Old Boys,Defensa y Justicia,Under 3.5 Opponent Goals,1.6,HIGH
Argentina Liga,2026-02-08 23:00 (MSK),Platense,Independiente,Under 3.5 Opponent Goals,1.6,HIGH
Argentina Liga,2026-02-08 23:00 (MSK),Sarmiento de Junin,Atlético Tucuman,Under 3.5 Opponent Goals,1.6,HIGH
Argentina Liga,2026-02-09 01:15 (MSK),Atlético Huracán,San Lorenzo,Under 3.5 Opponent Goals,1.6,HIGH
Argentina Liga,2026-02-09 04:15 (MSK),Gimnasia Mendoza,Instituto de Córdoba,Under 3.5 Opponent Goals,1.6,HIGH
